ID,Name,Category,Subcategories,Region,Has Address,Has Phone,Has Website,Has Hours,Has Services,Has Coordinates,Services Count,Data Completeness %
"res-1","ICEE Crisis Hotline","crisis","emergency_services","central","No","Yes","No","No","Yes","No","2","60%"
"res-2","Integral Care Crisis Hotline","crisis","emergency_services","central","No","Yes","No","No","Yes","No","1","60%"
"res-3","SAFE Alliance","crisis","domestic_violence","central","Yes","Yes","No","No","Yes","No","1","70%"
"res-4","National Suicide and Crisis Lifeline","crisis","suicide_prevention","central","No","Yes","No","No","Yes","No","1","60%"
"res-5","Veterans Crisis Line","crisis","emergency_services","central","No","Yes","No","No","Yes","No","1","60%"
"res-6","Crisis Text Line","crisis","emergency_services","central","No","Yes","No","No","Yes","No","1","60%"
"res-7","Austin Police Department Non-Emergency","crisis","emergency_services","central","No","Yes","No","No","Yes","No","1","60%"
"res-8","Travis County Emergency Services","crisis","emergency_services","central","No","Yes","Yes","No","Yes","No","1","70%"
"res-9","Texas Crisis Text Line","crisis","emergency_services","central","No","Yes","Yes","No","Yes","No","1","70%"
"res-10","LGBTQ+ National Hotline","crisis","emergency_services","central","No","Yes","Yes","No","Yes","No","1","70%"
"res-11","Austin Grief and Loss Center","healthcare","medical","central","No","Yes","Yes","No","Yes","No","1","70%"
"res-12","Christi Center","healthcare","mental_health","central","No","Yes","Yes","No","Yes","No","1","70%"
"res-13","Integral Care","healthcare","mental_health","central","No","Yes","No","No","Yes","No","1","60%"
"res-14","Shalom Austin","healthcare","medical","central","No","Yes","No","No","Yes","No","1","60%"
"res-15","Life Works","healthcare","medical","central","No","Yes","No","No","Yes","No","1","60%"
"res-16","Harvest Trauma Center","healthcare","medical","central","No","No","Yes","No","Yes","No","1","60%"
"res-17","NAMI Central Texas","healthcare","mental_health","central","Yes","Yes","No","Yes","Yes","No","1","80%"
"res-18","Austin State Hospital","healthcare","medical","central","Yes","Yes","No","No","Yes","No","1","70%"
"res-19","Bluebonnet Trails Community Services","healthcare","mental_health","central","No","Yes","No","No","Yes","No","1","60%"
"res-20","Family Life Counseling of Austin","healthcare","medical","central","No","Yes","No","No","Yes","No","1","60%"
"res-21","Angel House","food","pantries","central","Yes","Yes","No","Yes","Yes","Yes","1","90%"
"res-22","Street Forum Mutual Aid","food","pantries","central","Yes","No","No","Yes","Yes","Yes","1","80%"
"res-23","Caritas of Austin","food","pantries","central","Yes","Yes","No","Yes","Yes","Yes","1","90%"
"res-24","Trinity Center","food","pantries","central","Yes","Yes","No","Yes","Yes","Yes","1","90%"
"res-25","Sunrise Navigation Center","food","pantries","south","Yes","Yes","No","Yes","Yes","Yes","1","90%"
"res-26","Central Presbyterian Church","food","pantries","central","Yes","Yes","No","Yes","Yes","Yes","1","90%"
"res-27","University Baptist Church (God's Family Dinner)","food","pantries","central","Yes","Yes","No","Yes","Yes","Yes","1","90%"
"res-28","Mobile Loaves and Fishes","food","pantries","central","No","Yes","No","Yes","Yes","No","1","70%"
"res-29","First United Methodist Church","food","pantries","central","Yes","Yes","No","Yes","Yes","No","1","80%"
"res-30","Austin Presbyterian Seminary","food","pantries","central","Yes","Yes","No","Yes","Yes","No","1","80%"
"res-31","Salvation Army - East Austin","food","pantries","central","Yes","Yes","No","Yes","Yes","No","1","80%"
"res-32","Community First! Village","food","pantries","central","Yes","Yes","No","No","Yes","No","1","70%"
"res-33","Austin Recovery","food","pantries","central","Yes","Yes","No","Yes","Yes","No","1","80%"
"res-34","Sacred Heart Catholic Church","food","pantries","central","Yes","Yes","No","Yes","Yes","No","1","80%"
"res-35","St. Matthew's Episcopal Church","food","pantries","central","Yes","Yes","No","Yes","Yes","No","1","80%"
"res-36","Interfaith Action for Economic Justice","food","pantries","central","No","Yes","No","No","Yes","No","1","60%"
"res-37","Austin Christian Fellowship","food","pantries","central","Yes","Yes","No","Yes","Yes","No","1","80%"
"res-38","Central Texas Food Bank","food","pantries","central","No","Yes","Yes","No","Yes","No","1","70%"
"res-39","Manos de Cristo Food Pantry","food","pantries","central","Yes","Yes","No","Yes","Yes","No","1","80%"
"res-40","Hyde Park Baptist Church Food Pantry","food","pantries","central","Yes","Yes","No","Yes","Yes","No","1","80%"
"res-41","Society of Saint Vincent de Paul Food Pantry","food","pantries","north","Yes","No","No","Yes","Yes","Yes","1","80%"
"res-42","St. Ignatius Martyr Food Pantry","food","pantries","south","Yes","Yes","No","Yes","Yes","Yes","1","90%"
"res-43","Micah 6","food","pantries","central","Yes","Yes","No","Yes","Yes","Yes","1","90%"
"res-44","Hope Food Pantry","food","pantries","central","Yes","Yes","No","Yes","Yes","No","1","80%"
"res-45","Harvest Blessings Food Pantry","food","pantries","central","Yes","Yes","No","Yes","Yes","No","1","80%"
"res-46","East Austin Neighborhood Center Food Pantry","food","pantries","central","Yes","Yes","No","Yes","Yes","No","1","80%"
"res-47","St. Johns Community Center Food Pantry","food","pantries","central","Yes","Yes","No","Yes","Yes","No","1","80%"
"res-48","Travis County Community Center Food Pantry","food","pantries","central","Yes","Yes","No","Yes","Yes","No","1","80%"
"res-49","Bethany Lutheran Church Food Pantry","food","pantries","central","Yes","Yes","No","Yes","Yes","No","1","80%"
"res-50","South Austin Community Food Pantry","food","pantries","central","Yes","Yes","No","Yes","Yes","No","1","80%"
"res-51","Wildflower Terrace Food Pantry","food","pantries","central","Yes","Yes","No","Yes","Yes","No","1","80%"
"res-52","Austin Food Bank Mobile Pantry","food","pantries","central","No","Yes","Yes","No","Yes","No","1","70%"
"res-53","Good Samaritan Food Pantry","food","pantries","central","Yes","Yes","No","Yes","Yes","No","1","80%"
"res-54","Westlake Hills Presbyterian Food Pantry","food","pantries","central","Yes","Yes","No","Yes","Yes","No","1","80%"
"res-55","Austin Area Interreligious Ministries Food Pantry","food","pantries","central","Yes","Yes","No","Yes","Yes","No","1","80%"
"res-56","Helping Hand Home Food Distribution","food","pantries","central","Yes","Yes","No","Yes","Yes","No","1","80%"
"res-57","University United Methodist Church Pantry","food","pantries","central","Yes","Yes","No","Yes","Yes","No","1","80%"
"res-58","Dove Springs Fridge","crisis","emergency_services","central","Yes","No","No","Yes","Yes","No","1","70%"
"res-59","2nd Street Fridge","crisis","emergency_services","central","Yes","No","No","Yes","Yes","No","1","70%"
"res-60","Dittmar Fridge","crisis","emergency_services","central","Yes","No","No","Yes","Yes","No","1","70%"
"res-61","Nixta Fridge","crisis","emergency_services","central","Yes","No","No","Yes","Yes","No","1","70%"
"res-62","Brentwood Fridge","crisis","emergency_services","central","Yes","No","No","Yes","Yes","No","1","70%"
"res-63","Pearl Street Fridge","crisis","emergency_services","central","Yes","No","No","Yes","Yes","Yes","1","80%"
"res-64","Salvation Army Downtown Shelter","shelter","emergency_shelter","central","Yes","Yes","No","Yes","Yes","No","1","80%"
"res-65","Austin Shelter for Women and Children","shelter","emergency_shelter","central","Yes","Yes","No","Yes","Yes","No","1","80%"
"res-66","The Rathgeber Center for Families","shelter","emergency_shelter","central","Yes","Yes","No","No","Yes","No","1","70%"
"res-67","Casa Marianella","shelter","emergency_shelter","central","Yes","Yes","No","Yes","Yes","No","1","80%"
"res-68","LifeWorks Emergency Shelter","shelter","emergency_shelter; youth_shelter","central","Yes","Yes","No","No","Yes","No","1","70%"
"res-69","The ARCH (Austin Resource Center for the Homeless)","shelter","emergency_shelter","central","Yes","Yes","No","Yes","Yes","No","1","80%"
"res-70","Front Steps (Downtown)","shelter","emergency_shelter","central","Yes","Yes","No","No","Yes","No","1","70%"
"res-71","Caritas of Austin Emergency Services","shelter","emergency_shelter","central","Yes","Yes","No","Yes","Yes","No","1","80%"
"res-72","Foundation for the Homeless","shelter","emergency_shelter","central","No","Yes","No","No","Yes","No","1","60%"
"res-73","Community Advocates for Teens and Parents","shelter","transitional_housing","central","Yes","Yes","No","No","Yes","No","1","70%"
"res-74","Family Eldercare Emergency Housing","shelter","transitional_housing","central","No","Yes","No","No","Yes","No","1","60%"
"res-75","Austin Emergency Housing Network","shelter","emergency_shelter","central","No","Yes","No","No","Yes","No","1","60%"
"res-76","Sacred Heart Community Services","shelter","emergency_shelter","central","Yes","Yes","No","No","Yes","No","1","70%"
"res-77","Hill Country Community Action","shelter","emergency_shelter","central","No","Yes","No","No","Yes","No","1","60%"
"res-78","ECHO (Ending Community Homelessness Coalition)","shelter","emergency_shelter","central","No","Yes","No","No","Yes","No","1","60%"
"res-79","Austin Disaster Relief Network","shelter","emergency_shelter","central","No","Yes","No","No","Yes","No","1","60%"
"res-80","Foundation Communities","shelter","emergency_shelter","central","Yes","Yes","No","Yes","Yes","No","1","80%"
"res-81","Housing Authority of the City of Austin","shelter","emergency_shelter","central","Yes","Yes","Yes","Yes","Yes","No","1","90%"
"res-82","Travis County Housing Authority","shelter","emergency_shelter","central","Yes","Yes","No","Yes","Yes","No","1","80%"
"res-83","Green Doors","shelter","emergency_shelter","central","Yes","Yes","No","Yes","Yes","No","1","80%"
"res-84","Saint Louise House","shelter","emergency_shelter","central","No","Yes","Yes","No","Yes","No","1","70%"
"res-85","Sunrise Navigation Center","shelter","emergency_shelter","central","Yes","Yes","No","Yes","Yes","No","1","80%"
"res-86","Trinity Center","shelter","emergency_shelter","central","Yes","Yes","No","No","Yes","No","1","70%"
"res-87","The Charlie Center (Mosaic Church North)","shelter","emergency_shelter","central","Yes","Yes","No","Yes","Yes","No","1","80%"
"res-88","SAFE Alliance","shelter","emergency_shelter","central","No","Yes","No","Yes","Yes","No","1","70%"
"res-89","Volunteer Healthcare","healthcare","medical","central","Yes","Yes","Yes","No","Yes","No","1","80%"
"res-90","Community Care","healthcare","medical","central","No","Yes","No","No","Yes","No","1","60%"
"res-91","Lonestar Circle of Care","healthcare","medical","central","No","Yes","No","No","Yes","No","1","60%"
"res-92","Peoples Community Clinic","healthcare","dental","central","No","Yes","No","No","Yes","No","1","60%"
"res-93","Dell Seton Medical Center at UT","healthcare","medical","central","Yes","Yes","No","Yes","Yes","No","1","80%"
"res-94","East 2nd Street Clinic","healthcare","medical","central","Yes","Yes","No","Yes","Yes","No","1","80%"
"res-95","Manos de Cristo Dental Center","healthcare","dental","central","Yes","Yes","No","Yes","Yes","No","1","80%"
"res-96","WellMed","healthcare","medical","central","No","Yes","No","No","Yes","No","1","60%"
"res-97","Suvida Primary Care Doctors","healthcare","medical","central","No","Yes","Yes","No","Yes","No","1","70%"
"res-98","Affordable Dentures","healthcare","dental","central","No","Yes","No","No","Yes","No","1","60%"
"res-99","Lonestar Circle of Care Pink Bus (Mobile Mammography)","healthcare","medical","central","No","Yes","Yes","No","Yes","No","2","70%"
"res-100","St. David's Community Health Centers","healthcare","medical","central","No","Yes","No","No","Yes","No","1","60%"
"res-101","Austin Regional Clinic","healthcare","medical","central","No","Yes","No","No","Yes","No","1","60%"
"res-102","Central Health MAP","healthcare","medical","central","No","Yes","No","No","Yes","No","1","60%"
"res-103","Texas Health Steps","healthcare","medical","central","No","Yes","No","No","Yes","No","1","60%"
"res-104","Federally Qualified Health Center Locator","healthcare","medical","central","No","Yes","No","No","Yes","No","1","60%"
"res-105","AIDS Services of Austin","crisis","emergency_services","central","Yes","Yes","No","Yes","Yes","No","1","80%"
"res-106","Kind Clinic","crisis","emergency_services","central","Yes","Yes","No","No","Yes","No","1","70%"
"res-107","Austin/Travis County Health Department STD Clinic","crisis","emergency_services","central","Yes","Yes","No","No","Yes","No","1","70%"
"res-108","El Buen Samaritano HIV Services","crisis","emergency_services","central","Yes","Yes","No","No","Yes","No","1","70%"
"res-109","Planned Parenthood HIV Testing","crisis","emergency_services","central","No","Yes","No","No","Yes","No","1","60%"
"res-110","Austin Grief and Loss Center","healthcare","medical","central","No","Yes","No","No","Yes","No","1","60%"
"res-111","Christi Center","healthcare","mental_health","central","No","Yes","No","No","Yes","No","1","60%"
"res-112","Shalom Austin","healthcare","medical","central","No","Yes","No","No","Yes","No","1","60%"
"res-113","Life Works","healthcare","medical","central","No","Yes","No","No","Yes","No","1","60%"
"res-114","Harvest Trauma Center","healthcare","medical","central","No","No","Yes","No","Yes","No","1","60%"
"res-115","NAMI Central Texas","healthcare","mental_health","central","Yes","Yes","No","Yes","Yes","No","1","80%"
"res-116","Salvation Army Adult Rehabilitation Center (ARC)","recovery","detox","central","Yes","Yes","No","No","Yes","No","1","70%"
"res-117","SMART Recovery Support Group","recovery","detox","central","Yes","Yes","No","Yes","Yes","No","1","80%"
"res-118","Healthcare for Homeless HUB","recovery","detox","central","Yes","Yes","No","Yes","Yes","No","1","80%"
"res-119","TX Harm Reduction Alliance","recovery","harm_reduction","central","Yes","Yes","No","Yes","Yes","No","1","80%"
"res-120","SAMHSA's National Helpline","recovery","detox","central","No","Yes","No","No","Yes","No","1","60%"
"res-121","Alcoholics Anonymous (AA)","recovery","detox","central","No","Yes","Yes","No","Yes","No","1","70%"
"res-122","Narcotics Anonymous Austin Area","recovery","detox","central","No","Yes","Yes","No","Yes","No","1","70%"
"res-123","Crystal Meth Anonymous","recovery","detox","central","No","Yes","No","No","Yes","No","1","60%"
"res-124","Cocaine Anonymous Austin","recovery","detox","central","No","Yes","No","No","Yes","No","1","60%"
"res-125","Al-Anon Family Groups","recovery","detox","central","No","Yes","No","No","Yes","No","1","60%"
"res-126","Austin Recovery Inc. Day Treatment","recovery","detox","central","Yes","Yes","No","No","Yes","No","1","70%"
"res-127","Phoenix House Texas","recovery","detox","central","Yes","Yes","No","No","Yes","No","1","70%"
"res-128","Crossroads Treatment Center","recovery","detox","central","Yes","Yes","No","No","Yes","No","1","70%"
"res-129","Integral Care Addiction Recovery Services","recovery","detox","central","Yes","Yes","No","No","Yes","No","1","70%"
"res-130","Austin State Hospital Substance Abuse Program","recovery","detox","central","Yes","Yes","No","No","Yes","No","1","70%"
"res-131","Rosedale House","recovery","sober_living","central","Yes","Yes","No","No","Yes","No","1","70%"
"res-132","Oxford House Austin","recovery","sober_living","central","No","Yes","No","No","Yes","No","1","60%"
"res-133","Celebrate Recovery Austin","recovery","detox","central","No","Yes","No","No","Yes","No","1","60%"
"res-134","Women's Recovery Association","recovery","sober_living","central","Yes","Yes","No","No","Yes","No","1","70%"
"res-135","Texas Recovery Network","recovery","detox","central","No","Yes","No","No","Yes","No","1","60%"
"res-136","Texas Department of Public Safety - North","crisis","emergency_services","central","Yes","Yes","No","No","Yes","No","1","70%"
"res-137","Texas Department of Public Safety - South","crisis","emergency_services","south","Yes","Yes","No","No","Yes","Yes","1","80%"
"res-138","Social Security Administration","crisis","emergency_services","central","Yes","Yes","No","No","Yes","No","1","70%"
"res-139","Trinity Center","crisis","emergency_services","central","Yes","Yes","No","Yes","Yes","No","1","80%"
"res-140","Downtown Austin Community Court","crisis","emergency_services","central","Yes","No","No","No","Yes","No","1","60%"
"res-141","Texas Vital Statistics - Austin Office","crisis","emergency_services","central","Yes","Yes","No","No","Yes","No","1","70%"
"res-142","Travis County Clerk Vital Records","crisis","emergency_services","central","Yes","Yes","No","No","Yes","No","1","70%"
"res-143","Austin Resource Center for Independent Living ID Services","crisis","emergency_services","central","Yes","Yes","No","No","Yes","No","1","70%"
"res-144","Passport Acceptance Facilities","crisis","emergency_services","central","No","Yes","No","No","Yes","No","1","60%"
"res-145","Legal Aid for the Homeless ID Assistance","crisis","emergency_services","central","Yes","Yes","No","No","Yes","No","1","70%"
"res-146","Casa Marianella Document Recovery","crisis","emergency_services","central","Yes","Yes","No","No","Yes","No","1","70%"
"res-147","Austin Immigration Legal Services","crisis","emergency_services","central","No","Yes","No","No","Yes","No","1","60%"
"res-148","Veterans Service Office ID Assistance","crisis","emergency_services","central","Yes","Yes","No","No","Yes","No","1","70%"
"res-149","Texas Department of Criminal Justice ID Program","crisis","emergency_services","central","No","Yes","No","No","Yes","No","1","60%"
"res-150","Homeless Services ID Recovery Program","crisis","emergency_services","central","No","Yes","No","No","Yes","No","1","60%"
"res-151","Salvation Army Document Recovery","crisis","emergency_services","central","Yes","Yes","No","No","Yes","No","1","70%"
"res-152","Trinity Center - Mail","crisis","emergency_services","central","Yes","Yes","No","No","Yes","No","1","70%"
"res-153","Sunrise Navigation Center - Mail & Showers","crisis","emergency_services","central","Yes","Yes","No","Yes","Yes","No","1","80%"
"res-154","Angel House - Showers","crisis","emergency_services","central","Yes","Yes","No","Yes","Yes","No","1","80%"
"res-155","Lighter Loads - Laundry","crisis","emergency_services","central","No","No","Yes","Yes","Yes","No","1","70%"
"res-156","Mission Accomplished - Laundry","crisis","emergency_services","central","No","No","No","No","Yes","No","1","50%"
"res-157","Front Steps Day Resource Center","crisis","emergency_services","central","Yes","Yes","No","No","Yes","No","1","70%"
"res-158","The ARCH Day Services","crisis","emergency_services","central","Yes","Yes","No","Yes","Yes","No","1","80%"
"res-159","Caritas of Austin Day Center","crisis","emergency_services","central","Yes","Yes","No","Yes","Yes","No","1","80%"
"res-160","Austin Public Library - Central Branch","crisis","emergency_services","central","Yes","Yes","No","No","Yes","No","1","70%"
"res-161","Community First! Village Laundry","crisis","emergency_services","central","Yes","Yes","No","No","Yes","No","1","70%"
"res-162","Casa Marianella Basic Services","crisis","emergency_services","central","Yes","Yes","No","No","Yes","No","1","70%"
"res-163","Austin Disaster Relief Network Mobile Services","crisis","emergency_services","central","No","Yes","No","No","Yes","No","1","60%"
"res-164","Salvation Army Basic Services","crisis","emergency_services","central","Yes","Yes","No","No","Yes","No","1","70%"
"res-165","Life Works Hygiene Center","crisis","emergency_services","central","Yes","Yes","No","No","Yes","No","1","70%"
"res-166","SafePlace Hygiene Services","crisis","emergency_services","central","Yes","Yes","No","No","Yes","No","1","70%"
"res-167","Austin Recovery Basic Services","crisis","emergency_services","central","Yes","Yes","No","No","Yes","No","1","70%"
"res-168","Mobile Giving Tuesday - Hygiene","crisis","emergency_services","central","No","Yes","No","No","Yes","No","1","60%"
"res-169","Keep Austin Housed Shower Program","crisis","emergency_services","central","No","Yes","No","No","Yes","No","1","60%"
"res-170","University United Methodist Hygiene Pantry","crisis","emergency_services","central","Yes","Yes","No","No","Yes","No","1","70%"
"res-171","Trinity Center","transport","bus_passes","central","Yes","Yes","No","Yes","Yes","No","1","80%"
"res-172","Central Presbyterian Church","transport","bus_passes","central","Yes","Yes","No","Yes","Yes","No","1","80%"
"res-173","Street Forum","transport","bus_passes","central","Yes","No","No","Yes","Yes","No","1","70%"
"res-174","Drive a Senior - North Central Austin","transport","bus_passes","central","No","Yes","Yes","No","Yes","No","1","70%"
"res-175","Drive a Senior - Northwest/West Austin","transport","bus_passes","central","No","Yes","Yes","No","Yes","No","1","70%"
"res-176","Capital Metro","transport","bus_passes","central","No","Yes","Yes","No","Yes","No","1","70%"
"res-177","Capital Metro Reduced Fare Program","transport","bus_passes","central","No","Yes","No","No","Yes","No","1","60%"
"res-178","Medical Transportation Management (MTM)","transport","medical_transport","central","No","Yes","No","No","Yes","No","1","60%"
"res-179","Austin Transit Partnership","transport","bus_passes","central","No","Yes","No","No","Yes","No","1","60%"
"res-180","Rides for Recovery","transport","bus_passes","central","No","Yes","No","No","Yes","No","1","60%"
"res-181","Community Care Transportation","transport","medical_transport","central","No","Yes","No","No","Yes","No","1","60%"
"res-182","Easter Seals Transportation","transport","bus_passes","central","No","Yes","No","No","Yes","No","1","60%"
"res-183","Yellow Cab Austin","transport","bus_passes","central","No","Yes","No","No","Yes","No","1","60%"
"res-184","Austin B-cycle","transport","bus_passes","central","No","Yes","No","No","Yes","No","1","60%"
"res-185","Lyft Access","transport","bus_passes","central","No","No","No","No","Yes","No","1","50%"
"res-186","Uber Health","transport","bus_passes","central","No","No","No","No","Yes","No","1","50%"
"res-187","GoAustin Shuttle","transport","bus_passes","central","No","Yes","No","No","Yes","No","1","60%"
"res-188","Hill Country Transit","transport","bus_passes","central","No","Yes","No","No","Yes","No","1","60%"
"res-189","Greyhound Bus Station","transport","bus_passes","central","Yes","Yes","No","No","Yes","No","1","70%"
"res-190","Megabus Austin","transport","bus_passes","central","No","No","Yes","No","Yes","No","1","60%"
"res-191","Trinity Center Women's Clothing Closet","crisis","emergency_services","central","Yes","Yes","No","Yes","Yes","No","1","80%"
"res-192","Angel House Men's Clothing","crisis","emergency_services","central","Yes","Yes","No","Yes","Yes","No","1","80%"
"res-193","St Vincent De Paul Thrift Store","crisis","emergency_services","north","Yes","Yes","No","Yes","Yes","Yes","1","90%"
"res-194","Casa Marianella","crisis","emergency_services","central","Yes","Yes","No","Yes","Yes","No","1","80%"
"res-195","Dress for Success","crisis","emergency_services","central","Yes","Yes","No","No","Yes","No","1","70%"
"res-196","Treasure City Thrift Free Market","crisis","emergency_services","central","Yes","Yes","No","Yes","Yes","No","1","80%"
"res-197","Goodwill Industries Donation Centers","crisis","emergency_services","central","No","Yes","No","No","Yes","No","1","60%"
"res-198","Salvation Army Family Store","crisis","emergency_services","central","Yes","Yes","No","No","Yes","No","1","70%"
"res-199","Austin Clothing Bank","crisis","emergency_services","central","No","Yes","No","No","Yes","No","1","60%"
"res-200","Community First! Village Clothing Closet","crisis","emergency_services","central","Yes","Yes","No","No","Yes","No","1","70%"
"res-201","LifeWorks Clothing Closet","crisis","emergency_services","central","Yes","Yes","No","No","Yes","No","1","70%"
"res-202","SafePlace Clothing Assistance","crisis","domestic_violence","central","Yes","Yes","No","No","Yes","No","1","70%"
"res-203","Caritas of Austin Clothing Vouchers","crisis","emergency_services","central","Yes","Yes","No","No","Yes","No","1","70%"
"res-204","Austin Recovery Clothing Program","crisis","emergency_services","central","Yes","Yes","No","No","Yes","No","1","70%"
"res-205","Men's Wearhouse Suit Drive","crisis","emergency_services","central","No","Yes","No","No","Yes","No","1","60%"
"res-206","Women's Storybook Project Clothing","crisis","emergency_services","central","No","Yes","No","No","Yes","No","1","60%"
"res-207","Austin Area Interreligious Ministries Clothing","crisis","emergency_services","central","Yes","Yes","No","No","Yes","No","1","70%"
"res-208","Hill Country Community Action Clothing","crisis","emergency_services","central","No","Yes","No","No","Yes","No","1","60%"
"res-209","One Warm Coat Austin","crisis","emergency_services","central","No","No","Yes","No","Yes","No","1","60%"
"res-210","Back to School Clothing Drives","crisis","emergency_services","central","No","Yes","No","No","Yes","No","1","60%"
"res-211","Mobile Loaves and Fishes Clothing Truck","crisis","emergency_services","central","No","Yes","No","No","Yes","No","1","60%"
"res-212","Texas Legal Services Center","legal","legal_aid","central","Yes","Yes","No","Yes","Yes","No","1","80%"
"res-213","Austin Tenants Council","legal","legal_aid","central","Yes","Yes","No","Yes","Yes","No","1","80%"
"res-214","Texas Rio Grande Legal Aid","legal","legal_aid","central","Yes","Yes","Yes","No","Yes","No","1","80%"
"res-215","Legal Aid for the Homeless","legal","legal_aid","central","Yes","Yes","No","No","Yes","No","1","70%"
"res-216","Texas Rio Grande Legal Aid - Eviction","legal","legal_aid","central","No","Yes","No","No","Yes","No","1","60%"
"res-217","Volunteer Legal Services of Central Texas","legal","immigration; family_law","central","Yes","Yes","No","No","Yes","No","1","70%"
"res-218","American Gateways Legal Services","legal","immigration","central","Yes","Yes","No","No","Yes","No","1","70%"
"res-219","Texas Fair Defense Project","legal","legal_aid","central","Yes","Yes","No","No","Yes","No","1","70%"
"res-220","Workers Defense Project","legal","immigration","central","Yes","Yes","No","No","Yes","No","1","70%"
"res-221","Texas Legal Services Center","legal","legal_aid","central","Yes","Yes","No","No","Yes","No","1","70%"
"res-222","Disability Rights Texas","legal","legal_aid","central","Yes","Yes","No","No","Yes","No","1","70%"
"res-223","Equal Justice Center","legal","legal_aid","central","Yes","Yes","No","No","Yes","No","1","70%"
"res-224","Texas Appleseed","legal","legal_aid","central","Yes","Yes","No","No","Yes","No","1","70%"
"res-225","ACLU of Texas - Austin","legal","legal_aid","central","Yes","Yes","No","No","Yes","No","1","70%"
"res-226","Student Legal Services (UT)","legal","legal_aid","central","Yes","Yes","No","No","Yes","No","1","70%"
"res-227","Travis County Law Library","legal","legal_aid","central","Yes","Yes","No","No","Yes","No","1","70%"
"res-228","State Bar of Texas Lawyer Referral Service","legal","legal_aid","central","No","Yes","No","No","Yes","No","1","60%"
"res-229","Austin Bar Association Pro Bono Program","legal","legal_aid","central","No","Yes","No","No","Yes","No","1","60%"
"res-230","Legal Line - Austin Bar Association","legal","legal_aid","central","No","Yes","No","No","Yes","No","1","60%"
"res-231","Consumer Rights Coalition","legal","legal_aid","central","No","Yes","No","No","Yes","No","1","60%"
"res-232","Texas Veterans Legal Aid Network","legal","legal_aid","central","No","Yes","No","No","Yes","No","1","60%"
"res-233","Texas Workforce Commission","employment","job_training","central","No","No","No","No","Yes","No","1","50%"
"res-234","Austin Public Library - Carver Business & Employment Center","employment","job_training","central","Yes","No","No","No","Yes","No","1","60%"
"res-235","Christian Women's Job Corps of Austin","employment","job_training","central","Yes","Yes","No","Yes","Yes","No","1","80%"
"res-236","Austin Learning Academy (Virtual)","employment","job_training","central","No","Yes","No","No","Yes","No","1","60%"
"res-237","Foundation Communities","employment","job_training","south","Yes","Yes","No","Yes","Yes","Yes","1","90%"
"res-238","Austin Community College Career Services","employment","job_placement","central","No","Yes","No","No","Yes","No","1","60%"
"res-239","University of Texas Career Services","employment","job_training","central","Yes","Yes","No","No","Yes","No","1","70%"
"res-240","ReServe Austin","employment","job_training","central","No","Yes","No","No","Yes","No","1","60%"
"res-241","AARP Foundation Work for Yourself@50+","employment","job_training","central","No","Yes","No","No","Yes","No","1","60%"
"res-242","Austin Job Corps Center","employment","job_training; education","central","Yes","Yes","No","No","Yes","No","1","70%"
"res-243","Skills for Austin's Future","employment","job_training","central","No","Yes","No","No","Yes","No","1","60%"
"res-244","Dell Connected Classroom","employment","job_training","central","No","Yes","No","No","Yes","No","1","60%"
"res-245","Temporary Staffing Services","employment","job_training","central","No","No","No","No","Yes","No","1","50%"
"res-246","Texas Workforce Solutions - Highland","employment","job_training","central","Yes","Yes","No","No","Yes","No","1","70%"
"res-247","Texas Workforce Solutions - Riverside","employment","job_training","central","Yes","Yes","No","No","Yes","No","1","70%"
"res-248","Dress for Success Austin Employment Support","employment","job_training","central","Yes","Yes","No","No","Yes","No","1","70%"
"res-249","Austin Area Urban League Employment","employment","job_placement","central","Yes","Yes","No","No","Yes","No","1","70%"
"res-250","Project QUEST Austin","employment","job_placement","central","No","Yes","No","No","Yes","No","1","60%"
"res-251","Hispanic Chamber of Commerce Employment","employment","job_training","central","No","Yes","No","No","Yes","No","1","60%"
"res-252","Austin Black Chamber of Commerce","employment","job_training","central","No","Yes","No","No","Yes","No","1","60%"
"res-253","I Live Here I Give Here Job Board","employment","job_training","central","No","No","Yes","No","Yes","No","1","60%"
"res-254","The Entrepreneurs Foundation","employment","job_training","central","No","Yes","No","No","Yes","No","1","60%"
"res-255","WIC (Women, Infants, and Children)","crisis","emergency_services","central","No","Yes","No","No","Yes","No","1","60%"
"res-256","Any Baby Can","crisis","emergency_services","central","Yes","Yes","No","No","Yes","No","1","70%"
"res-257","Planned Parenthood Locations","crisis","emergency_services","central","No","No","No","No","Yes","No","2","50%"
"res-258","CapCityKids (AISD)","crisis","emergency_services","central","Yes","Yes","No","No","Yes","Yes","1","80%"
"res-259","Austin Child Guidance Center","crisis","emergency_services","central","Yes","Yes","No","No","Yes","No","1","70%"
"res-260","Family Resource Center Network","crisis","emergency_services","central","No","Yes","No","No","Yes","No","1","60%"
"res-261","Austin/Travis County Family Court Services","crisis","emergency_services","central","Yes","Yes","No","No","Yes","No","1","70%"
"res-262","Texas Department of Family and Protective Services","crisis","emergency_services","central","No","Yes","No","No","Yes","No","1","60%"
"res-263","Austin Children's Shelter","crisis","emergency_services","central","Yes","Yes","No","No","Yes","No","1","70%"
"res-264","Children's Partnership","crisis","emergency_services","central","Yes","Yes","No","No","Yes","No","1","70%"
"res-265","Hill Country Community Action Head Start","crisis","emergency_services","central","No","Yes","No","No","Yes","No","1","60%"
"res-266","YMCA Child Care Services","crisis","emergency_services","central","No","Yes","No","No","Yes","No","1","60%"
"res-267","Boys and Girls Club Extended Care","crisis","emergency_services","central","No","Yes","No","No","Yes","No","1","60%"
"res-268","Communities in Schools Family Support","crisis","emergency_services","central","No","Yes","No","No","Yes","No","1","60%"
"res-269","Ronald McDonald House Charities","crisis","emergency_services","central","Yes","Yes","No","No","Yes","No","1","70%"
"res-270","Make-A-Wish Central and South Texas","crisis","emergency_services","central","No","Yes","No","No","Yes","No","1","60%"
"res-271","Easter Seals Family Services","crisis","emergency_services","central","Yes","Yes","No","No","Yes","No","1","70%"
"res-272","SafePlace Children's Services","crisis","domestic_violence","central","Yes","Yes","No","No","Yes","No","1","70%"
"res-273","Austin Recovery Family Program","crisis","emergency_services","central","Yes","Yes","No","No","Yes","No","1","70%"
"res-274","Nurturing Parenting Program","crisis","emergency_services","central","No","Yes","No","No","Yes","No","1","60%"
"res-275","Texas Parents Anonymous","crisis","emergency_services","central","No","Yes","No","No","Yes","No","1","60%"
"res-276","Single Parent Provisions","crisis","emergency_services","central","No","Yes","No","No","Yes","No","1","60%"
"res-277","Austin Diaper Bank","crisis","emergency_services","central","No","Yes","No","No","Yes","No","1","60%"
"res-278","Area Agency On Aging (AAACAP)","seniors","senior_housing","central","No","Yes","Yes","No","Yes","No","1","70%"
"res-279","Meals on Wheels","seniors","senior_housing","central","No","Yes","No","No","Yes","No","1","60%"
"res-280","AGE of Central Texas","seniors","senior_housing","central","No","Yes","Yes","No","Yes","No","1","70%"
"res-281","Senior Home Shares","seniors","senior_housing","central","No","No","Yes","No","Yes","No","1","60%"
"res-282","Healthy Options Program for the Elderly (H.O.P.E.)","seniors","senior_housing","central","No","Yes","No","No","Yes","No","1","60%"
"res-283","Senior Access","seniors","senior_housing","central","No","Yes","No","No","Yes","No","1","60%"
"res-284","Caritas Senior Services","seniors","senior_housing","central","Yes","Yes","No","No","Yes","No","1","70%"
"res-285","AARP Austin","seniors","senior_housing","central","No","Yes","No","No","Yes","No","1","60%"
"res-286","Austin Senior Centers","seniors","senior_housing","central","No","Yes","No","No","Yes","No","1","60%"
"res-287","Silver Fox Taxi","seniors","senior_housing","central","No","Yes","No","No","Yes","No","1","60%"
"res-288","Senior Planet Austin","seniors","senior_housing","central","Yes","Yes","No","No","Yes","No","1","70%"
"res-289","Family Eldercare Adult Day Health","seniors","senior_housing","central","No","Yes","No","No","Yes","No","1","60%"
"res-290","Meals on Wheels Central Texas","seniors","senior_housing","central","No","Yes","No","No","Yes","No","1","60%"
"res-291","Senior Farmers Market Nutrition Program","seniors","senior_housing","central","No","Yes","No","No","Yes","No","1","60%"
"res-292","Benefits Outreach Network","seniors","senior_housing","central","No","Yes","No","No","Yes","No","1","60%"
"res-293","Austin Alzheimer's Association","seniors","senior_housing","central","No","Yes","No","No","Yes","No","1","60%"
"res-294","Legal Hotline for Older Texans","seniors","senior_housing","central","No","Yes","No","No","Yes","No","1","60%"
"res-295","Elder Financial Protection","seniors","senior_housing","central","No","Yes","No","No","Yes","No","1","60%"
"res-296","Grandparents Raising Grandchildren","seniors","senior_housing","central","No","Yes","No","No","Yes","No","1","60%"
"res-297","Austin Senior Companion Program","seniors","senior_housing","central","No","Yes","No","No","Yes","No","1","60%"
"res-298","Home Instead Senior Care","seniors","senior_housing","central","No","Yes","No","No","Yes","No","1","60%"
"res-299","Travis County CEAP","crisis","emergency_services","central","No","Yes","No","No","Yes","No","1","60%"
"res-300","Plus One Program","crisis","emergency_services","central","No","No","No","No","Yes","No","1","50%"
"res-301","All Saint Episcopal Church","crisis","emergency_services","central","No","Yes","No","No","Yes","No","1","60%"
"res-302","Neighborhood Services Unit","crisis","emergency_services","central","No","Yes","No","No","Yes","No","1","60%"
"res-303","First Call for Help (United Way)","crisis","emergency_services","central","No","Yes","No","No","Yes","No","1","60%"
"res-304","Texas Gas Service Customer Assistance","crisis","emergency_services","central","No","Yes","No","No","Yes","No","1","60%"
"res-305","Austin Energy Customer Assistance Program","crisis","emergency_services","central","No","Yes","No","No","Yes","No","1","60%"
"res-306","Austin Water Utility Customer Assistance","crisis","emergency_services","central","No","Yes","No","No","Yes","No","1","60%"
"res-307","Texas Low Income Housing and Energy Assistance","crisis","emergency_services","central","No","Yes","No","No","Yes","No","1","60%"
"res-308","Community Action Inc. Utility Assistance","crisis","emergency_services","central","No","Yes","No","No","Yes","No","1","60%"
"res-309","Salvation Army Financial Assistance","crisis","emergency_services","central","Yes","Yes","No","No","Yes","No","1","70%"
"res-310","Austin Energy CARE Program","crisis","emergency_services","central","No","Yes","No","No","Yes","No","1","60%"
"res-311","CenterPoint Energy LITE-UP Program","crisis","emergency_services","central","No","Yes","No","No","Yes","No","1","60%"
"res-312","Atmos Energy Share the Warmth","crisis","emergency_services","central","No","Yes","No","No","Yes","No","1","60%"
"res-313","Emergency Food and Shelter Program","crisis","emergency_services","central","No","Yes","No","No","Yes","No","1","60%"
"res-314","Catholic Charities Emergency Assistance","crisis","emergency_services","central","No","Yes","No","No","Yes","No","1","60%"
"res-315","Travis County Emergency Rental Assistance","crisis","emergency_services","central","No","Yes","No","No","Yes","No","1","60%"
"res-316","City of Austin Housing Assistance","crisis","emergency_services","central","No","Yes","No","No","Yes","No","1","60%"
"res-317","United Way Emergency Assistance","crisis","emergency_services","central","No","Yes","No","No","Yes","No","1","60%"
"res-318","Texas Department of Housing Emergency Assistance","crisis","emergency_services","central","No","Yes","No","No","Yes","No","1","60%"
"res-319","Austin Resource Recovery","crisis","emergency_services","central","No","Yes","No","No","Yes","No","1","60%"
"res-320","Austin Code Complaint Services","crisis","emergency_services","central","No","Yes","No","No","Yes","No","1","60%"
"res-321","Travis County Constable Services","crisis","emergency_services","central","No","Yes","No","No","Yes","No","1","60%"
"res-322","Austin Municipal Court","crisis","emergency_services","central","Yes","Yes","No","No","Yes","No","1","70%"
"res-323","Texas Department of Motor Vehicles","crisis","emergency_services","central","No","Yes","No","No","Yes","No","1","60%"
"res-324","Austin Animal Services","crisis","emergency_services","central","Yes","Yes","No","No","Yes","No","1","70%"
"res-325","Capital Metro Access","crisis","emergency_services","central","No","Yes","No","No","Yes","No","1","60%"
"res-326","Austin Fire Department Community Outreach","crisis","emergency_services","central","No","Yes","No","No","Yes","No","1","60%"
"res-327","Austin Police Department Community Liaisons","crisis","emergency_services","central","No","Yes","No","No","Yes","No","1","60%"
"res-328","Texas Department of Criminal Justice Reentry","crisis","emergency_services","central","No","Yes","No","No","Yes","No","1","60%"
"res-329","Austin Travis County EMS","crisis","emergency_services","central","No","Yes","No","No","Yes","No","1","60%"
"res-330","Capital Area Council of Governments","crisis","emergency_services","central","No","Yes","No","No","Yes","No","1","60%"
"res-331","Texas Comptroller Property Tax Assistance","crisis","emergency_services","central","No","Yes","No","No","Yes","No","1","60%"
"res-332","Austin Public Health","crisis","emergency_services","central","No","Yes","No","No","Yes","No","1","60%"
"res-333","Travis County Veterans Treatment Court","crisis","emergency_services","central","No","Yes","No","No","Yes","No","1","60%"
"res-334","ARCIL (Austin Resource Center for Independent Living)","crisis","emergency_services","north","Yes","Yes","No","No","Yes","Yes","1","80%"
"res-335","Queertopia","crisis","emergency_services","central","No","No","No","No","Yes","No","1","50%"
"res-336","AIDS Services of Austin","crisis","emergency_services","central","Yes","Yes","No","Yes","Yes","No","1","80%"
"res-337","The Trans Lifeline","crisis","emergency_services","central","No","Yes","No","No","Yes","No","1","60%"
"res-338","The Trevor Lifeline","crisis","emergency_services","central","No","Yes","No","No","Yes","No","1","60%"
"res-339","Queer and Trans Community Hygiene Closet","crisis","emergency_services","central","No","Yes","No","No","Yes","No","1","60%"
"res-340","Travis County Veterans Service Office","crisis","emergency_services","central","Yes","Yes","No","No","Yes","No","1","70%"
"res-341","Austin Vet Center","crisis","emergency_services","central","Yes","Yes","No","No","Yes","No","1","70%"
"res-342","American Legion Post 76","crisis","emergency_services","central","Yes","Yes","No","No","Yes","No","1","70%"
"res-343","VFW Post 8587","crisis","emergency_services","central","Yes","Yes","No","No","Yes","No","1","70%"
"res-344","Austin VA Outpatient Clinic","crisis","emergency_services","central","Yes","Yes","No","No","Yes","No","1","70%"
"res-345","Disabled American Veterans Chapter 96","crisis","emergency_services","central","No","Yes","No","No","Yes","No","1","60%"
"res-346","Operation Finally Home","crisis","emergency_services","central","No","No","Yes","No","Yes","No","1","60%"
"res-347","Casa Marianella","crisis","emergency_services","central","Yes","Yes","No","Yes","Yes","No","1","80%"
"res-348","El Buen Samaritano","crisis","emergency_services","central","Yes","Yes","No","No","Yes","No","1","70%"
"res-349","Austin Immigration Legal Services","crisis","emergency_services","central","No","Yes","No","No","Yes","No","1","60%"
"res-350","American Gateways","crisis","emergency_services","central","Yes","Yes","No","No","Yes","No","1","70%"
"res-351","Immigration Legal Services Coalition","crisis","emergency_services","central","No","Yes","No","No","Yes","No","1","60%"
"res-352","Catholic Charities Immigration Services","crisis","emergency_services","central","No","Yes","No","No","Yes","No","1","60%"
"res-353","LifeWorks Emergency Shelter","youth","youth_shelter","central","Yes","Yes","No","No","Yes","No","1","70%"
"res-354","SafePlace Youth Services","youth","youth_shelter","central","Yes","Yes","No","No","Yes","No","1","70%"
"res-355","Boys and Girls Club of Austin","youth","youth_shelter","central","No","Yes","No","No","Yes","No","1","60%"
"res-356","Austin Youth River Watch","youth","youth_shelter","central","No","Yes","No","No","Yes","No","1","60%"
"res-357","Big Brothers Big Sisters of Central Texas","youth","youth_shelter","central","No","Yes","No","No","Yes","No","1","60%"
"res-358","Youth Rise Texas","youth","youth_shelter","central","No","Yes","No","No","Yes","No","1","60%"
"res-359","Austin Parks and Recreation Youth Programs","youth","youth_programs","central","No","Yes","No","No","Yes","No","1","60%"
"res-360","Communities in Schools","youth","youth_shelter","central","No","Yes","No","No","Yes","No","1","60%"
"res-361","ARCIL (Austin Resource Center for Independent Living)","crisis","emergency_services","central","Yes","Yes","No","No","Yes","No","1","70%"
"res-362","Easter Seals Central Texas","crisis","emergency_services","central","Yes","Yes","No","No","Yes","No","1","70%"
"res-363","Any Baby Can","crisis","emergency_services","central","Yes","Yes","No","No","Yes","No","1","70%"
"res-364","The Arc of the Capital Area","crisis","emergency_services","central","No","Yes","No","No","Yes","No","1","60%"
"res-365","Texas Rehabilitation Commission","crisis","emergency_services","central","No","Yes","No","No","Yes","No","1","60%"
"res-366","Goodwill Industries","crisis","emergency_services","central","No","Yes","No","No","Yes","No","1","60%"
"res-367","Austin Resource Center for Independent Living - San Marcos","crisis","emergency_services","central","Yes","Yes","No","No","Yes","No","1","70%"
"res-368","Central Presbyterian Church","crisis","emergency_services","central","Yes","Yes","No","Yes","Yes","No","1","80%"
"res-369","University Baptist Church","crisis","emergency_services","central","Yes","Yes","No","Yes","Yes","No","1","80%"
"res-370","All Saints Episcopal Church","crisis","emergency_services","central","No","Yes","No","No","Yes","No","1","60%"
"res-371","Hyde Park Baptist Church","crisis","emergency_services","central","Yes","Yes","No","Yes","Yes","No","1","80%"
"res-372","St. Ignatius Martyr Catholic Church","crisis","emergency_services","central","Yes","Yes","No","Yes","Yes","No","1","80%"
"res-373","Society of Saint Vincent de Paul","crisis","emergency_services","central","Yes","No","No","Yes","Yes","No","1","70%"
"res-374","Mosaic Church North (The Charlie Center)","crisis","emergency_services","central","Yes","Yes","No","Yes","Yes","No","1","80%"
"res-375","St. Louise House","crisis","emergency_services","central","No","Yes","Yes","No","Yes","No","1","70%"
"res-376","Neighborhood Center Services","crisis","emergency_services","central","Yes","Yes","No","No","Yes","No","1","70%"
"res-377","Dove Springs Recreation Center","crisis","emergency_services","central","Yes","Yes","No","No","Yes","No","1","70%"
"res-378","Pan Am Recreation Center","crisis","emergency_services","central","Yes","Yes","No","No","Yes","No","1","70%"
"res-379","Asian Family Support Services","crisis","emergency_services","central","No","Yes","No","No","Yes","No","1","60%"
"res-380","Mexican American Cultural Center","crisis","emergency_services","central","Yes","Yes","No","No","Yes","No","1","70%"
"res-381","George Washington Carver Museum","crisis","emergency_services","central","Yes","Yes","No","No","Yes","No","1","70%"
"res-382","Austin Learning Academy (Virtual)","crisis","emergency_services","central","No","Yes","No","No","Yes","No","1","60%"
"res-383","Foundation Communities Education Programs","crisis","emergency_services","central","Yes","Yes","No","Yes","Yes","No","1","80%"
"res-384","CapCityKids (AISD)","crisis","emergency_services","central","Yes","Yes","No","No","Yes","No","1","70%"
"res-385","Austin Public Library Literacy Programs","crisis","emergency_services","central","No","Yes","No","No","Yes","No","1","60%"
"res-386","Literacy Coalition of Central Texas","crisis","emergency_services","central","No","Yes","No","No","Yes","No","1","60%"
"res-387","Austin Community College Continuing Education","crisis","emergency_services","central","No","Yes","No","No","Yes","No","1","60%"
"res-388","Goodwill Excel Center","crisis","emergency_services","central","Yes","Yes","No","No","Yes","No","1","70%"
"res-389","Workforce Solutions Capital Area","employment","job_training","central","Yes","Yes","No","No","Yes","No","1","70%"
"res-390","Austin Community College Workforce Education","employment","job_training; education","central","No","Yes","No","No","Yes","No","1","60%"
"res-391","Goodwill Industries Job Training","employment","job_training","central","Yes","Yes","No","No","Yes","No","1","70%"
"res-392","Urban League of Greater Austin","employment","job_training","central","Yes","Yes","No","No","Yes","No","1","70%"
"res-393","Capital IDEA","employment","job_training","central","Yes","Yes","No","No","Yes","No","1","70%"
"res-394","Construction Career Collaborative","employment","job_placement","central","No","Yes","No","No","Yes","No","1","60%"
"res-395","Women's Storybook Project Job Training","employment","job_training","central","No","Yes","No","No","Yes","No","1","60%"
"res-396","DRIVE (Driving Real Innovation for a Vibrant Economy)","employment","job_training","central","No","Yes","No","No","Yes","No","1","60%"
"res-397","Texas Veterans Commission","employment","job_training","central","No","Yes","No","No","Yes","No","1","60%"
"res-398","Easter Seals Central Texas Vocational Services","employment","job_training","central","No","Yes","No","No","Yes","No","1","60%"
"res-399","Austin Credit Union Financial Counseling","crisis","emergency_services","central","No","Yes","No","No","Yes","No","1","60%"
"res-400","Consumer Credit Counseling Service","crisis","emergency_services","central","No","Yes","No","No","Yes","No","1","60%"
"res-401","University Federal Credit Union Community Services","crisis","emergency_services","central","No","Yes","No","No","Yes","No","1","60%"
"res-402","Foundation Communities Financial Coaching","crisis","emergency_services","central","No","Yes","No","No","Yes","No","1","60%"
"res-403","iACT Financial Literacy Program","crisis","emergency_services","central","No","Yes","No","No","Yes","No","1","60%"
"res-404","YWCA Greater Austin Financial Empowerment","crisis","emergency_services","central","No","Yes","No","No","Yes","No","1","60%"
"res-405","Prosperity Bank Community Development","crisis","emergency_services","central","No","Yes","No","No","Yes","No","1","60%"
"res-406","Texas State Affordable Housing Corporation","crisis","emergency_services","central","No","Yes","No","No","Yes","No","1","60%"
"res-407","Austin Public Library Computer Access","crisis","emergency_services","central","No","Yes","No","No","Yes","No","1","60%"
"res-408","Austin Free-Net","crisis","emergency_services","central","No","No","Yes","No","Yes","No","1","60%"
"res-409","PCs for People Austin","crisis","emergency_services","central","No","Yes","No","No","Yes","No","1","60%"
"res-410","Goodwill Computer Works","crisis","emergency_services","central","Yes","Yes","No","No","Yes","No","1","70%"
"res-411","Digital Inclusion Alliance","crisis","emergency_services","central","No","Yes","No","No","Yes","No","1","60%"
"res-412","Austin ISD Community Technology Centers","crisis","emergency_services","central","No","Yes","No","No","Yes","No","1","60%"
"res-413","Senior Planet Austin","crisis","emergency_services","central","Yes","Yes","No","No","Yes","No","1","70%"
"res-414","Latinitas Digital Media Program","crisis","emergency_services","central","No","Yes","No","No","Yes","No","1","60%"
"res-415","Austin Pets Alive! Pet Food Bank","crisis","emergency_services","central","Yes","Yes","No","No","Yes","No","1","70%"
"res-416","Town Lake Animal Center","crisis","emergency_services","central","Yes","Yes","No","No","Yes","No","1","70%"
"res-417","EmancipPET","crisis","emergency_services","central","No","Yes","No","No","Yes","No","1","60%"
"res-418","PAWS (Pets Are Worth Saving)","crisis","emergency_services","central","No","Yes","No","No","Yes","No","1","60%"
"res-419","Austin Humane Society Veterinary Clinic","crisis","emergency_services","central","Yes","Yes","No","No","Yes","No","1","70%"
"res-420","Thrive Pet Healthcare Mobile Clinic","crisis","emergency_services","central","No","Yes","No","No","Yes","No","1","60%"
"res-421","Safe Place for Pets","crisis","domestic_violence","central","No","Yes","No","No","Yes","No","1","60%"
"res-422","SPCA of Texas Austin","crisis","emergency_services","central","No","Yes","No","No","Yes","No","1","60%"
"res-423","City of Austin Cold Weather Shelters","crisis","emergency_services","central","No","Yes","No","No","Yes","No","1","60%"
"res-424","Salvation Army Extreme Weather Response","crisis","emergency_services","central","No","Yes","No","No","Yes","No","1","60%"
"res-425","Austin Disaster Relief Network","crisis","emergency_services","central","No","Yes","No","No","Yes","No","1","60%"
"res-426","American Red Cross Central Texas","crisis","emergency_services","central","No","Yes","No","No","Yes","No","1","60%"
"res-427","Travis County Emergency Management","crisis","emergency_services","central","No","Yes","No","No","Yes","No","1","60%"
"res-428","Austin Energy Emergency Line","crisis","emergency_services","central","No","Yes","No","No","Yes","No","1","60%"
"res-429","Community Emergency Response Team (CERT)","crisis","emergency_services","central","No","Yes","No","No","Yes","No","1","60%"
"res-430","Austin Area Urban League Emergency Services","crisis","emergency_services","central","No","Yes","No","No","Yes","No","1","60%"
"res-431","Austin Parks and Recreation Department","crisis","emergency_services","central","No","Yes","No","No","Yes","No","1","60%"
"res-432","YMCA of Austin","crisis","emergency_services","central","No","Yes","No","No","Yes","No","1","60%"
"res-433","Boys and Girls Club of Austin","crisis","emergency_services","central","No","Yes","No","No","Yes","No","1","60%"
"res-434","Austin Parks Foundation","crisis","emergency_services","central","No","Yes","No","No","Yes","No","1","60%"
"res-435","Lifetime Learning Institute","crisis","emergency_services","central","No","Yes","No","No","Yes","No","1","60%"
"res-436","Austin Tennis Academy","crisis","emergency_services","central","No","Yes","No","No","Yes","No","1","60%"
"res-437","SafePlace Recreation Therapy","crisis","emergency_services","central","No","Yes","No","No","Yes","No","1","60%"
"res-438","Special Olympics Texas - Austin","crisis","emergency_services","central","No","Yes","No","No","Yes","No","1","60%"
"res-439","Austin Rowing Club Community Programs","crisis","emergency_services","central","No","Yes","No","No","Yes","No","1","60%"
"res-440","Texas Health and Human Services","crisis","emergency_services","central","No","Yes","No","No","Yes","No","1","60%"
"res-441","Travis County Health and Human Services","crisis","emergency_services","central","No","Yes","No","No","Yes","No","1","60%"
"res-442","Social Security Administration Austin Office","crisis","emergency_services","central","Yes","Yes","No","No","Yes","No","1","70%"
"res-443","Texas Department of Family and Protective Services","crisis","emergency_services","central","No","Yes","No","No","Yes","No","1","60%"
"res-444","Austin City Council District Offices","crisis","emergency_services","central","No","Yes","No","No","Yes","No","1","60%"
"res-445","Travis County Commissioners Court","crisis","emergency_services","central","No","Yes","No","No","Yes","No","1","60%"
"res-446","Texas Workforce Commission","crisis","emergency_services","central","No","Yes","No","No","Yes","No","1","60%"
"res-447","U.S. Department of Veterans Affairs","crisis","emergency_services","central","No","Yes","No","No","Yes","No","1","60%"
"res-448","Internal Revenue Service Taxpayer Assistance","crisis","emergency_services","central","No","Yes","No","No","Yes","No","1","60%"
"res-449","Austin Housing Repair Coalition","shelter","emergency_shelter","central","No","Yes","No","No","Yes","No","1","60%"
"res-450","Habitat for Humanity Austin ReStore","shelter","emergency_shelter","central","Yes","Yes","No","No","Yes","No","1","70%"
"res-451","Travis County Housing and Weatherization","shelter","emergency_shelter","central","Yes","Yes","No","No","Yes","No","1","70%"
"res-452","Rebuilding Together Austin","shelter","emergency_shelter","central","No","Yes","No","No","Yes","No","1","60%"
"res-453","Austin Energy Weatherization Program","shelter","emergency_shelter","central","No","Yes","No","No","Yes","No","1","60%"
"res-454","Christmas in April Austin","shelter","emergency_shelter","central","No","Yes","No","No","Yes","No","1","60%"
"res-455","Texas Department of Housing and Community Affairs","shelter","emergency_shelter","central","No","Yes","No","No","Yes","No","1","60%"
"res-456","Independent Living Resources","shelter","emergency_shelter","central","No","Yes","No","No","Yes","No","1","60%"
"res-457","Austin Neighborhood Centers","crisis","emergency_services","central","No","Yes","No","No","Yes","No","1","60%"
"res-458","East Austin Advocacy Group","crisis","emergency_services","central","No","Yes","No","No","Yes","No","1","60%"
"res-459","Rundberg Community Alliance","crisis","emergency_services","central","No","Yes","No","No","Yes","No","1","60%"
"res-460","Austin Revitalization Authority","crisis","emergency_services","central","No","Yes","No","No","Yes","No","1","60%"
"res-461","East Cesar Chavez Neighborhood Planning Team","crisis","emergency_services","central","No","Yes","No","No","Yes","No","1","60%"
"res-462","Del Valle Community Coalition","crisis","emergency_services","central","No","Yes","No","No","Yes","No","1","60%"
"res-463","Dove Springs Community Development","crisis","emergency_services","central","No","Yes","No","No","Yes","No","1","60%"
"res-464","St. Johns Community Garden","crisis","emergency_services","central","No","Yes","No","No","Yes","No","1","60%"
"res-465","Austin Tool Library","crisis","emergency_services","central","Yes","Yes","No","No","Yes","No","1","70%"
"res-466","Community Resilience Hub Network","crisis","emergency_services","central","No","Yes","No","No","Yes","No","1","60%"
"res-467","Austin Mutual Aid Networks","crisis","emergency_services","central","No","No","No","No","Yes","No","1","50%"
"res-468","Neighborhood Watch Coordinator","crisis","emergency_services","central","No","Yes","No","No","Yes","No","1","60%"
"res-469","Austin Community Land Trust","crisis","emergency_services","central","No","Yes","No","No","Yes","No","1","60%"
"res-470","Community First! Village Tours","crisis","emergency_services","central","Yes","Yes","No","No","Yes","No","1","70%"
"res-471","Keep Austin Housed Coalition","crisis","emergency_services","central","No","Yes","No","No","Yes","No","1","60%"
"res-472","Austin Justice Coalition","crisis","emergency_services","central","No","Yes","No","No","Yes","No","1","60%"
"res-473","Workers Defense Action Fund","crisis","emergency_services","central","Yes","Yes","No","No","Yes","No","1","70%"
"res-474","Austin Interfaith","crisis","emergency_services","central","No","Yes","No","No","Yes","No","1","60%"
"res-475","Central Texas Immigrant Workers Rights Center","crisis","emergency_services","central","No","Yes","No","No","Yes","No","1","60%"
"res-476","Texas Organizing Project","crisis","emergency_services","central","Yes","Yes","No","No","Yes","No","1","70%"
"res-477","Austin Tenant Council Fair Housing","crisis","emergency_services","central","Yes","Yes","No","No","Yes","No","1","70%"
"res-478","Community Information Exchange","crisis","emergency_services","central","No","Yes","No","No","Yes","No","1","60%"
"res-479","Austin Recovery Oriented System of Care","crisis","emergency_services","central","No","Yes","No","No","Yes","No","1","60%"
"res-480","Central Texas Food Security Coalition","crisis","emergency_services","central","No","Yes","No","No","Yes","No","1","60%"
"res-481","Housing Works Austin","crisis","emergency_services","central","No","Yes","No","No","Yes","No","1","60%"
"res-482","Austin Area Sustainability Network","crisis","emergency_services","central","No","Yes","No","No","Yes","No","1","60%"
"res-483","Faith Action Network","crisis","emergency_services","central","No","Yes","No","No","Yes","No","1","60%"
"res-484","Austin Community Health Workers Coalition","crisis","emergency_services","central","No","Yes","No","No","Yes","No","1","60%"
"res-485","Digital Inclusion Austin","crisis","emergency_services","central","No","Yes","No","No","Yes","No","1","60%"
"res-486","Austin Transportation Equity Network","crisis","emergency_services","central","No","Yes","No","No","Yes","No","1","60%"
"res-487","Community Land Advocacy Network","crisis","emergency_services","central","No","Yes","No","No","Yes","No","1","60%"
"res-488","Austin Anti-Displacement Coalition","crisis","emergency_services","central","No","Yes","No","No","Yes","No","1","60%"
"res-489","Central Texas Criminal Justice Coalition","crisis","emergency_services","central","No","Yes","No","No","Yes","No","1","60%"
"res-490","Austin Area Immigration Coalition","crisis","emergency_services","central","No","Yes","No","No","Yes","No","1","60%"
"res-491","Community Healing Initiative","crisis","emergency_services","central","No","Yes","No","No","Yes","No","1","60%"
"res-492","Grassroots Leadership","crisis","emergency_services","central","Yes","Yes","No","No","Yes","No","1","70%"
"res-493","Austin EcoNetwork","crisis","emergency_services","central","No","Yes","No","No","Yes","No","1","60%"
"res-494","Community Resilience Trust","crisis","emergency_services","central","No","Yes","No","No","Yes","No","1","60%"
"res-495","Austin Cooperative Business Association","crisis","emergency_services","central","No","Yes","No","No","Yes","No","1","60%"
"res-496","Community Arts Network","crisis","emergency_services","central","No","Yes","No","No","Yes","No","1","60%"
"res-497","Austin Community Acupuncture Network","crisis","emergency_services","central","No","Yes","No","No","Yes","No","1","60%"
"res-498","Healing Justice Austin","crisis","emergency_services","central","No","No","No","No","Yes","No","1","50%"
"res-499","Food Not Bombs Austin","crisis","emergency_services","central","No","Yes","No","No","Yes","No","1","60%"
"res-500","Really Really Free Market","crisis","emergency_services","central","No","No","No","No","Yes","No","1","50%"
"res-501","Austin Time Exchange Network","crisis","emergency_services","central","No","Yes","No","No","Yes","No","1","60%"
"res-502","Community Garden Network Austin","crisis","emergency_services","central","No","Yes","No","No","Yes","No","1","60%"
"res-503","Austin Bike Zoo","crisis","emergency_services","central","Yes","Yes","No","No","Yes","No","1","70%"
"res-504","Indigenous Cultures Institute","crisis","emergency_services","central","No","Yes","No","No","Yes","No","1","60%"
"res-505","Blackland Community Development Corporation","crisis","emergency_services","central","No","Yes","No","No","Yes","No","1","60%"
"res-506","Austin Tenants Union","crisis","emergency_services","central","No","Yes","No","No","Yes","No","1","60%"
"res-507","Community First! Village Resource Center","crisis","emergency_services","central","Yes","Yes","No","No","Yes","No","1","70%"
"res-508","Austin Street Medicine","crisis","emergency_services","central","No","Yes","No","No","Yes","No","1","60%"
"res-509","Keep Austin Housed Coalition","crisis","emergency_services","central","No","Yes","No","No","Yes","No","1","60%"
"res-510","Central Texas Harm Reduction Coalition","crisis","emergency_services","central","No","Yes","No","No","Yes","No","1","60%"
"res-511","Austin Community Land Trust","crisis","emergency_services","central","No","Yes","No","No","Yes","No","1","60%"
"res-512","Sunrise Movement Austin","crisis","emergency_services","central","No","Yes","No","No","Yes","No","1","60%"
"res-513","Austin Justice Coalition","crisis","emergency_services","central","Yes","Yes","No","No","Yes","No","1","70%"
"res-514","Central Austin Community Development Corporation","crisis","emergency_services","central","No","Yes","No","No","Yes","No","1","60%"
"res-515","Austin Mutual Aid Network","crisis","emergency_services","central","No","No","No","No","Yes","No","1","50%"